﻿item,PoA,underlying,word
1,bilabial,voiceless,spot
1,bilabial,voiced,bot
1,alveolar,voiceless,stock
1,alveolar,voiced,dock
1,velar,voiceless,scot
1,velar,voiced,got    
2,bilabial,voiceless,speak
2,bilabial,voiced,beak
2,alveolar,voiceless,steam
2,alveolar,voiced,deet
2,velar,voiceless,skeet
2,velar,voiced,geek
3,bilabial,voiceless,spark
3,bilabial,voiced,bark
3,alveolar,voiceless,stark
3,alveolar,voiced,dark
3,velar,voiceless,scarf
3,velar,voiced,gart
4,bilabial,voiceless,spoon
4,bilabial,voiced,boon
4,alveolar,voiceless,stood
4,alveolar,voiced,dude
4,velar,voiceless,school
4,velar,voiced,cool